Workbook

Sheet Data Entry
A1: QUICK MATCH DATA ENTRY
A3: Instructions: Fill in the yellow cells below, then copy data to the appropriate sheets (Matches, Goals, Appearances)
A5: 1. MATCH DETAILS
A6: Match ID: | C6: (e.g., M05)
A7: Date: | C7: (YYYY-MM-DD)
A8: Opponent:
A9: Home/Away:
A10: Competition: | B10: League
A11: Team Goals:
A12: Opponent Goals:
A13: Player of the Match:
A15: 2. GOALS SCORED (Add one row per goal)
A16: Scorer | B16: Assister | C16: Own Goal
C17: No
C18: No
C19: No
C20: No
C21: No
C22: No
C23: No
C24: No
C25: No
C26: No
A28: 3. PLAYING SQUAD (Enter 1 for played, 0 for did not play)
A29: Player | B29: Played? (1/0)
A30: Fabian
A31: Lake
A32: Darius
A33: Siji
A34: Reuben
A35: Kian
A36: Aydan
A37: Leo
A39: After filling in the form, copy the data to: Matches sheet (match details), Goals sheet (goals), Appearances sheet (squad)

Sheet Dashboard
A1: ASPLEY GUISE RHINOS U8s - SEASON 2025/26
A3: SEASON SUMMARY
A4: Matches Played | B4: =COUNTA(Matches!A:A)-1 -> 4
A5: Wins | B5: =COUNTIF(Matches!H:H,"W") -> 3 | H5: =B5&IF(B5=1," win"," wins") -> 3 wins | I5: =B5 -> 3
A6: Draws | B6: =COUNTIF(Matches!H:H,"D") -> 0 | H6: =B6&IF(B6=1," draw"," draws") -> 0 draws | I6: =B6 -> 0
A7: Losses | B7: =COUNTIF(Matches!H:H,"L") -> 1 | H7: =B7&IF(B7=1," loss"," losses") -> 1 loss | I7: =B7 -> 1
A8: Win Rate | B8: =IF(B4>0,B5/B4,0) -> 0.75
A10: Total Goals Scored | B10: =SUM(Matches!F2:F1000) -> 25
A11: Total Goals Conceded | B11: =SUM(Matches!G2:G1000) -> 8
A12: Goal Difference | B12: =B10-B11 -> 17
A13: Goals per Match | B13: =IF(B4>0,B10/B4,0) -> 6.25
A16: SEASON STATS
A17: Most Appearances | B17: =LEFT(CONCATENATE(IF(PlayerStats!G2=MAX(PlayerStats!$G:$G),PlayerStats!A2&", ",""),IF(PlayerStats!G3=MAX(PlayerStats!$G:$G),PlayerStats!A3&", ",""),IF(PlayerStats!G4=MAX(PlayerStats!$G:$G),PlayerStats!A4&", ",""),IF(PlayerStats!G5=MAX(PlayerStats!$G:$G),PlayerStats!A5&", ",""),IF(PlayerStats!G6=MAX(PlayerStats!$G:$G),PlayerStats!A6&", ",""),IF(PlayerStats!G7=MAX(PlayerStats!$G:$G),PlayerStats!A7&", ",""),IF(PlayerStats!G8=MAX(PlayerStats!$G:$G),PlayerStats!A8&", ",""),IF(PlayerStats!G9=MAX(PlayerStats!$G:$G),PlayerStats!A9&", ","")),LEN(CONCATENATE(IF(PlayerStats!G2=MAX(PlayerStats!$G:$G),PlayerStats!A2&", ",""),IF(PlayerStats!G3=MAX(PlayerStats!$G:$G),PlayerStats!A3&", ",""),IF(PlayerStats!G4=MAX(PlayerStats!$G:$G),PlayerStats!A4&", ",""),IF(PlayerStats!G5=MAX(PlayerStats!$G:$G),PlayerStats!A5&", ",""),IF(PlayerStats!G6=MAX(PlayerStats!$G:$G),PlayerStats!A6&", ",""),IF(PlayerStats!G7=MAX(PlayerStats!$G:$G),PlayerStats!A7&", ",""),IF(PlayerStats!G8=MAX(PlayerStats!$G:$G),PlayerStats!A8&", ",""),IF(PlayerStats!G9=MAX(PlayerStats!$G:$G),PlayerStats!A9&", ","")))-2) -> Fabian, Lake, Darius, Reuben, Kian | C17: =MAX(PlayerStats!G:G) -> 4
A18: Top Scorer | B18: =LEFT(CONCATENATE(IF(PlayerStats!B2=MAX(PlayerStats!$B:$B),PlayerStats!A2&", ",""),IF(PlayerStats!B3=MAX(PlayerStats!$B:$B),PlayerStats!A3&", ",""),IF(PlayerStats!B4=MAX(PlayerStats!$B:$B),PlayerStats!A4&", ",""),IF(PlayerStats!B5=MAX(PlayerStats!$B:$B),PlayerStats!A5&", ",""),IF(PlayerStats!B6=MAX(PlayerStats!$B:$B),PlayerStats!A6&", ",""),IF(PlayerStats!B7=MAX(PlayerStats!$B:$B),PlayerStats!A7&", ",""),IF(PlayerStats!B8=MAX(PlayerStats!$B:$B),PlayerStats!A8&", ",""),IF(PlayerStats!B9=MAX(PlayerStats!$B:$B),PlayerStats!A9&", ","")),LEN(CONCATENATE(IF(PlayerStats!B2=MAX(PlayerStats!$B:$B),PlayerStats!A2&", ",""),IF(PlayerStats!B3=MAX(PlayerStats!$B:$B),PlayerStats!A3&", ",""),IF(PlayerStats!B4=MAX(PlayerStats!$B:$B),PlayerStats!A4&", ",""),IF(PlayerStats!B5=MAX(PlayerStats!$B:$B),PlayerStats!A5&", ",""),IF(PlayerStats!B6=MAX(PlayerStats!$B:$B),PlayerStats!A6&", ",""),IF(PlayerStats!B7=MAX(PlayerStats!$B:$B),PlayerStats!A7&", ",""),IF(PlayerStats!B8=MAX(PlayerStats!$B:$B),PlayerStats!A8&", ",""),IF(PlayerStats!B9=MAX(PlayerStats!$B:$B),PlayerStats!A9&", ","")))-2) -> Fabian | C18: =MAX(PlayerStats!B:B) -> 8
A19: Most Assists | B19: =LEFT(CONCATENATE(IF(PlayerStats!C2=MAX(PlayerStats!$C:$C),PlayerStats!A2&", ",""),IF(PlayerStats!C3=MAX(PlayerStats!$C:$C),PlayerStats!A3&", ",""),IF(PlayerStats!C4=MAX(PlayerStats!$C:$C),PlayerStats!A4&", ",""),IF(PlayerStats!C5=MAX(PlayerStats!$C:$C),PlayerStats!A5&", ",""),IF(PlayerStats!C6=MAX(PlayerStats!$C:$C),PlayerStats!A6&", ",""),IF(PlayerStats!C7=MAX(PlayerStats!$C:$C),PlayerStats!A7&", ",""),IF(PlayerStats!C8=MAX(PlayerStats!$C:$C),PlayerStats!A8&", ",""),IF(PlayerStats!C9=MAX(PlayerStats!$C:$C),PlayerStats!A9&", ","")),LEN(CONCATENATE(IF(PlayerStats!C2=MAX(PlayerStats!$C:$C),PlayerStats!A2&", ",""),IF(PlayerStats!C3=MAX(PlayerStats!$C:$C),PlayerStats!A3&", ",""),IF(PlayerStats!C4=MAX(PlayerStats!$C:$C),PlayerStats!A4&", ",""),IF(PlayerStats!C5=MAX(PlayerStats!$C:$C),PlayerStats!A5&", ",""),IF(PlayerStats!C6=MAX(PlayerStats!$C:$C),PlayerStats!A6&", ",""),IF(PlayerStats!C7=MAX(PlayerStats!$C:$C),PlayerStats!A7&", ",""),IF(PlayerStats!C8=MAX(PlayerStats!$C:$C),PlayerStats!A8&", ",""),IF(PlayerStats!C9=MAX(PlayerStats!$C:$C),PlayerStats!A9&", ","")))-2) -> Aydan | C19: =MAX(PlayerStats!C:C) -> 2
A20: Most Goal Involvements | B20: =LEFT(CONCATENATE(IF(PlayerStats!E2=MAX(PlayerStats!$E:$E),PlayerStats!A2&", ",""),IF(PlayerStats!E3=MAX(PlayerStats!$E:$E),PlayerStats!A3&", ",""),IF(PlayerStats!E4=MAX(PlayerStats!$E:$E),PlayerStats!A4&", ",""),IF(PlayerStats!E5=MAX(PlayerStats!$E:$E),PlayerStats!A5&", ",""),IF(PlayerStats!E6=MAX(PlayerStats!$E:$E),PlayerStats!A6&", ",""),IF(PlayerStats!E7=MAX(PlayerStats!$E:$E),PlayerStats!A7&", ",""),IF(PlayerStats!E8=MAX(PlayerStats!$E:$E),PlayerStats!A8&", ",""),IF(PlayerStats!E9=MAX(PlayerStats!$E:$E),PlayerStats!A9&", ","")),LEN(CONCATENATE(IF(PlayerStats!E2=MAX(PlayerStats!$E:$E),PlayerStats!A2&", ",""),IF(PlayerStats!E3=MAX(PlayerStats!$E:$E),PlayerStats!A3&", ",""),IF(PlayerStats!E4=MAX(PlayerStats!$E:$E),PlayerStats!A4&", ",""),IF(PlayerStats!E5=MAX(PlayerStats!$E:$E),PlayerStats!A5&", ",""),IF(PlayerStats!E6=MAX(PlayerStats!$E:$E),PlayerStats!A6&", ",""),IF(PlayerStats!E7=MAX(PlayerStats!$E:$E),PlayerStats!A7&", ",""),IF(PlayerStats!E8=MAX(PlayerStats!$E:$E),PlayerStats!A8&", ",""),IF(PlayerStats!E9=MAX(PlayerStats!$E:$E),PlayerStats!A9&", ","")))-2) -> Fabian | C20: =MAX(PlayerStats!E:E) -> 8
A21: Most POTM Awards | B21: =LEFT(CONCATENATE(IF(PlayerStats!D2=MAX(PlayerStats!$D:$D),PlayerStats!A2&", ",""),IF(PlayerStats!D3=MAX(PlayerStats!$D:$D),PlayerStats!A3&", ",""),IF(PlayerStats!D4=MAX(PlayerStats!$D:$D),PlayerStats!A4&", ",""),IF(PlayerStats!D5=MAX(PlayerStats!$D:$D),PlayerStats!A5&", ",""),IF(PlayerStats!D6=MAX(PlayerStats!$D:$D),PlayerStats!A6&", ",""),IF(PlayerStats!D7=MAX(PlayerStats!$D:$D),PlayerStats!A7&", ",""),IF(PlayerStats!D8=MAX(PlayerStats!$D:$D),PlayerStats!A8&", ",""),IF(PlayerStats!D9=MAX(PlayerStats!$D:$D),PlayerStats!A9&", ","")),LEN(CONCATENATE(IF(PlayerStats!D2=MAX(PlayerStats!$D:$D),PlayerStats!A2&", ",""),IF(PlayerStats!D3=MAX(PlayerStats!$D:$D),PlayerStats!A3&", ",""),IF(PlayerStats!D4=MAX(PlayerStats!$D:$D),PlayerStats!A4&", ",""),IF(PlayerStats!D5=MAX(PlayerStats!$D:$D),PlayerStats!A5&", ",""),IF(PlayerStats!D6=MAX(PlayerStats!$D:$D),PlayerStats!A6&", ",""),IF(PlayerStats!D7=MAX(PlayerStats!$D:$D),PlayerStats!A7&", ",""),IF(PlayerStats!D8=MAX(PlayerStats!$D:$D),PlayerStats!A8&", ",""),IF(PlayerStats!D9=MAX(PlayerStats!$D:$D),PlayerStats!A9&", ","")))-2) -> Fabian, Reuben, Kian, Aydan | C21: =MAX(PlayerStats!D:D) -> 1
A24: THE STORY SO FAR
A25: =CONCATENATE("The Rhinos have played ",B4," matches this season, winning ",B5," and losing ",B7,", giving them a ",TEXT(B8,"0%")," win rate.") -> The Rhinos have played 4 matches this season, winning 3 and losing 1, giving them a 75% win rate. | F25: Player | G25: Goals
A26: =CONCATENATE("The team has scored ",B10," goals while conceding ",B11,", with ",B18," leading the scoring charts with ",C18," goals.") -> The team has scored 25 goals while conceding 8, with Fabian leading the scoring charts with 8 goals. | F26: Fabian | G26: 8
A27: =CONCATENATE("Averaging ",TEXT(B13,"0.0")," goals per match, the Rhinos have a goal difference of ",IF(B12>0,"+",""),B12,".") -> Averaging 6.3 goals per match, the Rhinos have a goal difference of +17. | F27: Siji | G27: 4
A28: =CONCATENATE(B19," has been the creative force with ",C19," assists, while ",B20," leads goal involvements with ",C20,".") -> Aydan has been the creative force with 2 assists, while Fabian leads goal involvements with 8. | F28: Player | G28: Goals
F29: Fabian | G29: 8
F30: Siji | G30: 4
F31: Lake | G31: 3
F32: Darius | G32: 3
F33: Kian | G33: 3
F34: Reuben | G34: 2
F35: Aydan | G35: 0
F36: Leo | G36: 0

Sheet Matches
A1: Match ID | B1: Date | C1: Opponent | D1: Home/Away | E1: Competition | F1: Team Goals | G1: Opponent Goals | H1: Result | I1: Player of the Match | J1: Goal Difference
A2: M01 | B2: 46039 | C2: Great Linford Raptors | D2: Away | E2: League | F2: 9 | G2: 3 | H2: W | I2: Fabian | J2: =F2-G2 -> 6
A3: M02 | B3: 46046 | C3: MK Athletic Rockets | D3: Home | E3: League | F3: 12 | G3: 2 | H3: W | I3: Kian | J3: =F3-G3 -> 10
A4: M03 | B4: 46053 | C4: Tattenhoe Youth Jaguars | D4: Away | E4: League | F4: 4 | G4: 0 | H4: W | I4: Aydan | J4: =F4-G4 -> 4
A5: M04 | B5: 46060 | C5: Cranfield Colts | D5: Home | E5: League | F5: 0 | G5: 3 | H5: L | I5: Reuben | J5: =F5-G5 -> -3

Sheet Goals
A1: Match ID | B1: Date | C1: Scorer | D1: Assister | E1: Own Goal
A2: M01 | B2: 46039 | C2: Fabian | E2: No
A3: M01 | B3: 46039 | C3: Fabian | E3: No
A4: M01 | B4: 46039 | C4: Fabian | E4: No
A5: M01 | B5: 46039 | C5: Fabian | E5: No
A6: M01 | B6: 46039 | C6: Lake | E6: No
A7: M01 | B7: 46039 | C7: Darius | E7: No
A8: M01 | B8: 46039 | C8: Siji | E8: No
A9: M01 | B9: 46039 | C9: Siji | E9: No
A10: M01 | B10: 46039 | C10: Siji | E10: No
A11: M02 | B11: 46046 | E11: Yes
A12: M02 | B12: 46046 | E12: Yes
A13: M02 | B13: 46046 | C13: Fabian | E13: No
A14: M02 | B14: 46046 | C14: Fabian | E14: No
A15: M02 | B15: 46046 | C15: Fabian | E15: No
A16: M02 | B16: 46046 | C16: Fabian | E16: No
A17: M02 | B17: 46046 | C17: Reuben | E17: No
A18: M02 | B18: 46046 | C18: Reuben | E18: No
A19: M02 | B19: 46046 | C19: Lake | E19: No
A20: M02 | B20: 46046 | C20: Lake | E20: No
A21: M02 | B21: 46046 | C21: Kian | E21: No
A22: M02 | B22: 46046 | C22: Darius | E22: No
A23: M03 | B23: 46053 | C23: Kian | D23: Lake | E23: No
A24: M03 | B24: 46053 | C24: Kian | D24: Aydan | E24: No
A25: M03 | B25: 46053 | C25: Siji | D25: Aydan | E25: No
A26: M03 | B26: 46053 | C26: Darius | E26: No

Sheet PlayerStats
A1: Player Name | B1: Goals | C1: Assists | D1: POTM Awards | E1: Goal Involvements | F1: Goals per Match | G1: Appearances | H1: Is Top Scorer | I1: Is Top Assister | J1: Is Top Involvement | K1: Is Top POTM | L1: Is Most Apps
A2: Fabian | B2: =COUNTIFS(Goals!$C:$C,$A2,Goals!$E:$E,"No") -> 8 | C2: =COUNTIFS(Goals!$D:$D,$A2) -> 0 | D2: =COUNTIF(Matches!$I:$I,$A2) -> 1 | E2: =B2+C2 -> 8 | F2: =IF(G2>0,B2/G2,0) -> 2 | G2: =IFERROR(VLOOKUP(A2,Appearances!A:F,6,FALSE()),0) -> 4 | H2: =IF(B2=MAX($B$2:$B$100),A2,"") -> Fabian | I2: =IF(C2=MAX($C$2:$C$100),A2,"") | J2: =IF(E2=MAX($E$2:$E$100),A2,"") -> Fabian | K2: =IF(D2=MAX($D$2:$D$100),A2,"") -> Fabian | L2: =IF(G2=MAX($G$2:$G$100),A2,"") -> Fabian
A3: Lake | B3: =COUNTIFS(Goals!$C:$C,$A3,Goals!$E:$E,"No") -> 3 | C3: =COUNTIFS(Goals!$D:$D,$A3) -> 1 | D3: =COUNTIF(Matches!$I:$I,$A3) -> 0 | E3: =B3+C3 -> 4 | F3: =IF(G3>0,B3/G3,0) -> 0.75 | G3: =IFERROR(VLOOKUP(A3,Appearances!A:F,6,FALSE()),0) -> 4 | H3: =IF(B3=MAX($B$2:$B$100),A3,"") | I3: =IF(C3=MAX($C$2:$C$100),A3,"") | J3: =IF(E3=MAX($E$2:$E$100),A3,"") | K3: =IF(D3=MAX($D$2:$D$100),A3,"") | L3: =IF(G3=MAX($G$2:$G$100),A3,"") -> Lake
A4: Darius | B4: =COUNTIFS(Goals!$C:$C,$A4,Goals!$E:$E,"No") -> 3 | C4: =COUNTIFS(Goals!$D:$D,$A4) -> 0 | D4: =COUNTIF(Matches!$I:$I,$A4) -> 0 | E4: =B4+C4 -> 3 | F4: =IF(G4>0,B4/G4,0) -> 0.75 | G4: =IFERROR(VLOOKUP(A4,Appearances!A:F,6,FALSE()),0) -> 4 | H4: =IF(B4=MAX($B$2:$B$100),A4,"") | I4: =IF(C4=MAX($C$2:$C$100),A4,"") | J4: =IF(E4=MAX($E$2:$E$100),A4,"") | K4: =IF(D4=MAX($D$2:$D$100),A4,"") | L4: =IF(G4=MAX($G$2:$G$100),A4,"") -> Darius
A5: Siji | B5: =COUNTIFS(Goals!$C:$C,$A5,Goals!$E:$E,"No") -> 4 | C5: =COUNTIFS(Goals!$D:$D,$A5) -> 0 | D5: =COUNTIF(Matches!$I:$I,$A5) -> 0 | E5: =B5+C5 -> 4 | F5: =IF(G5>0,B5/G5,0) -> 2 | G5: =IFERROR(VLOOKUP(A5,Appearances!A:F,6,FALSE()),0) -> 2 | H5: =IF(B5=MAX($B$2:$B$100),A5,"") | I5: =IF(C5=MAX($C$2:$C$100),A5,"") | J5: =IF(E5=MAX($E$2:$E$100),A5,"") | K5: =IF(D5=MAX($D$2:$D$100),A5,"") | L5: =IF(G5=MAX($G$2:$G$100),A5,"")
A6: Reuben | B6: =COUNTIFS(Goals!$C:$C,$A6,Goals!$E:$E,"No") -> 2 | C6: =COUNTIFS(Goals!$D:$D,$A6) -> 0 | D6: =COUNTIF(Matches!$I:$I,$A6) -> 1 | E6: =B6+C6 -> 2 | F6: =IF(G6>0,B6/G6,0) -> 0.5 | G6: =IFERROR(VLOOKUP(A6,Appearances!A:F,6,FALSE()),0) -> 4 | H6: =IF(B6=MAX($B$2:$B$100),A6,"") | I6: =IF(C6=MAX($C$2:$C$100),A6,"") | J6: =IF(E6=MAX($E$2:$E$100),A6,"") | K6: =IF(D6=MAX($D$2:$D$100),A6,"") -> Reuben | L6: =IF(G6=MAX($G$2:$G$100),A6,"") -> Reuben
A7: Kian | B7: =COUNTIFS(Goals!$C:$C,$A7,Goals!$E:$E,"No") -> 3 | C7: =COUNTIFS(Goals!$D:$D,$A7) -> 0 | D7: =COUNTIF(Matches!$I:$I,$A7) -> 1 | E7: =B7+C7 -> 3 | F7: =IF(G7>0,B7/G7,0) -> 0.75 | G7: =IFERROR(VLOOKUP(A7,Appearances!A:F,6,FALSE()),0) -> 4 | H7: =IF(B7=MAX($B$2:$B$100),A7,"") | I7: =IF(C7=MAX($C$2:$C$100),A7,"") | J7: =IF(E7=MAX($E$2:$E$100),A7,"") | K7: =IF(D7=MAX($D$2:$D$100),A7,"") -> Kian | L7: =IF(G7=MAX($G$2:$G$100),A7,"") -> Kian
A8: Aydan | B8: =COUNTIFS(Goals!$C:$C,$A8,Goals!$E:$E,"No") -> 0 | C8: =COUNTIFS(Goals!$D:$D,$A8) -> 2 | D8: =COUNTIF(Matches!$I:$I,$A8) -> 1 | E8: =B8+C8 -> 2 | F8: =IF(G8>0,B8/G8,0) -> 0 | G8: =IFERROR(VLOOKUP(A8,Appearances!A:F,6,FALSE()),0) -> 3 | H8: =IF(B8=MAX($B$2:$B$100),A8,"") | I8: =IF(C8=MAX($C$2:$C$100),A8,"") -> Aydan | J8: =IF(E8=MAX($E$2:$E$100),A8,"") | K8: =IF(D8=MAX($D$2:$D$100),A8,"") -> Aydan | L8: =IF(G8=MAX($G$2:$G$100),A8,"")
A9: Leo | B9: =COUNTIFS(Goals!$C:$C,$A9,Goals!$E:$E,"No") -> 0 | C9: =COUNTIFS(Goals!$D:$D,$A9) -> 0 | D9: =COUNTIF(Matches!$I:$I,$A9) -> 0 | E9: =B9+C9 -> 0 | F9: =IF(G9>0,B9/G9,0) -> 0 | G9: =IFERROR(VLOOKUP(A9,Appearances!A:F,6,FALSE()),0) -> 2 | H9: =IF(B9=MAX($B$2:$B$100),A9,"") | I9: =IF(C9=MAX($C$2:$C$100),A9,"") | J9: =IF(E9=MAX($E$2:$E$100),A9,"") | K9: =IF(D9=MAX($D$2:$D$100),A9,"") | L9: =IF(G9=MAX($G$2:$G$100),A9,"")

Sheet Appearances
A1: Player Name | B1: M01 | C1: M02 | D1: M03 | E1: M04 | F1: Total Apps
A2: Fabian | B2: 1 | C2: 1 | D2: 1 | E2: 1 | F2: =SUM(B2:E2) -> 4
A3: Lake | B3: 1 | C3: 1 | D3: 1 | E3: 1 | F3: =SUM(B3:E3) -> 4
A4: Darius | B4: 1 | C4: 1 | D4: 1 | E4: 1 | F4: =SUM(B4:E4) -> 4
A5: Siji | B5: 1 | C5: 0 | D5: 1 | E5: 0 | F5: =SUM(B5:E5) -> 2
A6: Reuben | B6: 1 | C6: 1 | D6: 1 | E6: 1 | F6: =SUM(B6:E6) -> 4
A7: Kian | B7: 1 | C7: 1 | D7: 1 | E7: 1 | F7: =SUM(B7:E7) -> 4
A8: Aydan | B8: 0 | C8: 1 | D8: 1 | E8: 1 | F8: =SUM(B8:E8) -> 3
A9: Leo | B9: 0 | C9: 1 | D9: 1 | E9: 0 | F9: =SUM(B9:E9) -> 2
