Workbook

Sheet Matches
A1: Match ID | B1: Date | C1: Opponent | D1: Home/Away | E1: Competition | F1: Team Goals | G1: Opponent Goals | H1: Result | I1: Player of the Match
A2: M01 | B2: 46039 | C2: Great Linford Raptors | D2: Away | E2: League | F2: 9 | G2: 3 | H2: =IF(F2>G2,"W",IF(F2<G2,"L","D")) -> W | I2: Fabian
A3: M02 | B3: 46046 | C3: MK Athletic Rockets | D3: Home | E3: League | F3: 12 | G3: 2 | H3: =IF(F3>G3,"W",IF(F3<G3,"L","D")) -> W | I3: Kian
A4: M03 | B4: 46053 | C4: Tattenhoe Youth Jaguars | D4: Away | E4: League | F4: 4 | G4: 0 | H4: =IF(F4>G4,"W",IF(F4<G4,"L","D")) -> W | I4: Aydan
A5: M04 | B5: 46060 | C5: Cranfield Colts | D5: Home | E5: League | F5: 0 | G5: 3 | H5: =IF(F5>G5,"W",IF(F5<G5,"L","D")) -> L | I5: Reuben

Sheet Goals
A1: Match ID | B1: Date | C1: Scorer | D1: Assister | E1: Own Goal
A2: M01 | B2: 46039 | C2: Fabian | E2: No
A3: M01 | B3: 46039 | C3: Fabian | E3: No
A4: M01 | B4: 46039 | C4: Fabian | E4: No
A5: M01 | B5: 46039 | C5: Fabian | E5: No
A6: M01 | B6: 46039 | C6: Lake | E6: No
A7: M01 | B7: 46039 | C7: Darius | E7: No
A8: M01 | B8: 46039 | C8: Siji | E8: No
A9: M01 | B9: 46039 | C9: Siji | E9: No
A10: M01 | B10: 46039 | C10: Siji | E10: No
A11: M02 | B11: 46046 | E11: Yes
A12: M02 | B12: 46046 | E12: Yes
A13: M02 | B13: 46046 | C13: Fabian | E13: No
A14: M02 | B14: 46046 | C14: Fabian | E14: No
A15: M02 | B15: 46046 | C15: Fabian | E15: No
A16: M02 | B16: 46046 | C16: Fabian | E16: No
A17: M02 | B17: 46046 | C17: Reuben | E17: No
A18: M02 | B18: 46046 | C18: Reuben | E18: No
A19: M02 | B19: 46046 | C19: Lake | E19: No
A20: M02 | B20: 46046 | C20: Lake | E20: No
A21: M02 | B21: 46046 | C21: Kian | E21: No
A22: M02 | B22: 46046 | C22: Darius | E22: No
A23: M03 | B23: 46053 | C23: Kian | D23: Lake | E23: No
A24: M03 | B24: 46053 | C24: Kian | D24: Aydan | E24: No
A25: M03 | B25: 46053 | C25: Siji | D25: Aydan | E25: No
A26: M03 | B26: 46053 | C26: Darius | E26: No

Sheet Player Stats
A1: Player Name | B1: Goals | C1: Assists | D1: POTM Awards
A2: Fabian | B2: =COUNTIFS(Goals!$C:$C, $A2, Goals!$E:$E, "No") -> 8 | C2: =COUNTIFS(Goals!$D:$D, $A2) -> 0 | D2: =COUNTIFS(Matches!$I:$I, $A2) -> 1
A3: Lake | B3: =COUNTIFS(Goals!$C:$C, $A3, Goals!$E:$E, "No") -> 3 | C3: =COUNTIFS(Goals!$D:$D, $A3) -> 1 | D3: =COUNTIFS(Matches!$I:$I, $A3) -> 0
A4: Darius | B4: =COUNTIFS(Goals!$C:$C, $A4, Goals!$E:$E, "No") -> 3 | C4: =COUNTIFS(Goals!$D:$D, $A4) -> 0 | D4: =COUNTIFS(Matches!$I:$I, $A4) -> 0
A5: Siji | B5: =COUNTIFS(Goals!$C:$C, $A5, Goals!$E:$E, "No") -> 4 | C5: =COUNTIFS(Goals!$D:$D, $A5) -> 0 | D5: =COUNTIFS(Matches!$I:$I, $A5) -> 0
A6: Reuben | B6: =COUNTIFS(Goals!$C:$C, $A6, Goals!$E:$E, "No") -> 2 | C6: =COUNTIFS(Goals!$D:$D, $A6) -> 0 | D6: =COUNTIFS(Matches!$I:$I, $A6) -> 1
A7: Kian | B7: =COUNTIFS(Goals!$C:$C, $A7, Goals!$E:$E, "No") -> 3 | C7: =COUNTIFS(Goals!$D:$D, $A7) -> 0 | D7: =COUNTIFS(Matches!$I:$I, $A7) -> 1
A8: Aydan | B8: =COUNTIFS(Goals!$C:$C, $A8, Goals!$E:$E, "No") -> 0 | C8: =COUNTIFS(Goals!$D:$D, $A8) -> 2 | D8: =COUNTIFS(Matches!$I:$I, $A8) -> 1
